port,open,service,banner,duration
8000,False,,,0.017
8001,False,,,0.017
8002,False,,,0.016
8003,False,,,0.017
8004,False,,,0.016
8005,False,,,0.016
8006,True,,,1.021
8007,False,,,0.016
8008,False,,,0.016
8009,False,,,0.016
8010,False,,,0.016
8011,False,,,0.015
8012,False,,,0.015
8013,False,,,0.015
8014,False,,,0.015
8015,False,,,0.015
8016,False,,,0.015
8017,False,,,0.014
8018,False,,,0.015
8019,False,,,0.014
8020,False,,,0.023
8021,False,,,0.023
8022,False,,,0.023
8023,False,,,0.014
8024,False,,,0.022
8025,False,,,0.013
8026,False,,,0.014
8027,False,,,0.024
8028,False,,,0.021
8029,False,,,0.022
8030,False,,,0.021
8031,False,,,0.021
8032,False,,,0.021
8033,False,,,0.021
8034,False,,,0.025
8035,False,,,0.024
8036,False,,,0.024
8037,False,,,0.02
8038,False,,,0.025
8039,False,,,0.029
8040,False,,,0.023
8041,False,,,0.024
8042,False,,,0.023
8043,False,,,0.023
8044,False,,,0.023
8045,False,,,0.028
8046,False,,,0.023
8047,False,,,0.028
8048,False,,,0.023
8049,False,,,0.028
8050,False,,,0.029
8051,False,,,0.023
8052,False,,,0.022
8053,False,,,0.029
8054,False,,,0.022
8055,False,,,0.036
8056,False,,,0.023
8057,False,,,0.023
8058,False,,,0.023
8059,False,,,0.023
8060,False,,,0.037
8061,False,,,0.037
8062,False,,,0.05
8063,False,,,0.037
8064,False,,,0.044
8065,False,,,0.037
8066,False,,,0.037
8067,False,,,0.038
8068,False,,,0.043
8069,False,,,0.056
8070,False,,,0.043
8071,False,,,0.043
8072,False,,,0.043
8073,False,,,0.057
8074,False,,,0.043
8075,False,,,0.054
8076,False,,,0.073
8077,False,,,0.054
8078,False,,,0.071
8079,False,,,0.072
8080,False,,,0.054
8081,False,,,0.071
8082,False,,,0.054
8083,False,,,0.071
8084,False,,,0.054
8085,False,,,0.054
8086,False,,,0.054
8087,False,,,0.055
8088,False,,,0.071
8089,False,,,0.054
8090,False,,,0.054
8091,False,,,0.072
8092,False,,,0.071
8093,False,,,0.071
8094,False,,,0.055
8095,False,,,0.071
8096,False,,,0.054
8097,False,,,0.055
8098,False,,,0.055
8099,False,,,0.054
8100,False,,,0.054
8101,False,,,0.072
8102,False,,,0.071
8103,False,,,0.055
8104,False,,,0.054
8105,False,,,0.072
8106,False,,,0.054
8107,False,,,0.072
8108,False,,,0.054
8109,False,,,0.072
8110,False,,,0.072
8111,False,,,0.072
8112,False,,,0.054
8113,False,,,0.055
8114,False,,,0.072
8115,False,,,0.055
8116,False,,,0.055
8117,False,,,0.071
8118,False,,,0.071
8119,False,,,0.055
8120,False,,,0.055
8121,False,,,0.055
8122,False,,,0.055
8123,False,,,0.055
8124,False,,,0.055
8125,False,,,0.055
8126,False,,,0.072
8127,False,,,0.072
8128,False,,,0.055
8129,False,,,0.091
8130,False,,,0.091
8131,False,,,0.055
8132,False,,,0.091
8133,False,,,0.091
8134,False,,,0.055
8135,False,,,0.091
8136,False,,,0.055
8137,False,,,0.055
8138,False,,,0.056
8139,False,,,0.091
8140,False,,,0.06
8141,False,,,0.091
8142,False,,,0.06
8143,False,,,0.062
8144,False,,,0.062
8145,False,,,0.062
8146,False,,,0.062
8147,False,,,0.062
8148,False,,,0.09
8149,False,,,0.062
8150,False,,,0.062
8151,False,,,0.09
8152,False,,,0.091
8153,False,,,0.062
8154,False,,,0.062
8155,False,,,0.062
8156,False,,,0.062
8157,False,,,0.09
8158,False,,,0.062
8159,False,,,0.091
8160,False,,,0.062
8161,False,,,0.09
8162,False,,,0.092
8163,False,,,0.09
8164,False,,,0.063
8165,False,,,0.062
8166,False,,,0.062
8167,False,,,0.064
8168,False,,,0.063
8169,False,,,0.063
8170,False,,,0.09
8171,False,,,0.063
8172,False,,,0.065
8173,False,,,0.066
8174,False,,,0.066
8175,False,,,0.066
8176,False,,,0.09
8177,False,,,0.089
8178,False,,,0.066
8179,False,,,0.065
8180,False,,,0.09
8181,False,,,0.065
8182,False,,,0.065
8183,False,,,0.09
8184,False,,,0.09
8185,False,,,0.065
8186,False,,,0.066
8187,False,,,0.089
8188,False,,,0.066
8189,False,,,0.089
8190,False,,,0.066
8191,False,,,0.066
8192,False,,,0.066
8193,False,,,0.089
8194,False,,,0.068
8195,False,,,0.089
8196,False,,,0.068
8197,False,,,0.089
8198,False,,,0.089
8199,False,,,0.09
8200,False,,,0.09
8201,False,,,0.09
8202,False,,,0.089
8203,False,,,0.09
8204,False,,,0.089
8205,False,,,0.089
8206,False,,,0.087
8207,False,,,0.09
8208,False,,,0.089
8209,False,,,0.089
8210,False,,,0.087
8211,False,,,0.087
8212,False,,,0.087
8213,False,,,0.09
8214,False,,,0.089
8215,False,,,0.089
8216,False,,,0.09
8217,False,,,0.088
8218,False,,,0.091
8219,False,,,0.087
8220,False,,,0.09
8221,False,,,0.089
8222,False,,,0.089
8223,False,,,0.087
8224,False,,,0.088
8225,False,,,0.085
8226,False,,,0.086
8227,False,,,0.085
8228,False,,,0.087
8229,False,,,0.087
8230,False,,,0.085
8231,False,,,0.085
8232,False,,,0.087
8233,False,,,0.083
8234,False,,,0.086
8235,False,,,0.086
8236,False,,,0.084
8237,False,,,0.084
8238,False,,,0.083
8239,False,,,0.083
8240,False,,,0.083
8241,False,,,0.084
8242,False,,,0.084
8243,False,,,0.086
8244,False,,,0.084
8245,False,,,0.083
8246,False,,,0.084
8247,False,,,0.085
8248,False,,,0.083
8249,False,,,0.083
8250,False,,,0.084
8251,False,,,0.084
8252,False,,,0.079
8253,False,,,0.079
8254,False,,,0.079
8255,False,,,0.079
8256,False,,,0.079
8257,False,,,0.079
8258,False,,,0.07
8259,False,,,0.082
8260,False,,,0.069
8261,False,,,0.082
8262,False,,,0.084
8263,False,,,0.068
8264,False,,,0.068
8265,False,,,0.062
8266,False,,,0.077
8267,False,,,0.063
8268,False,,,0.077
8269,False,,,0.063
8270,False,,,0.077
8271,False,,,0.071
8272,False,,,0.065
8273,False,,,0.066
8274,False,,,0.063
8275,False,,,0.058
8276,False,,,0.063
8277,False,,,0.063
8278,False,,,0.063
8279,False,,,0.06
8280,False,,,0.063
8281,False,,,0.06
8282,False,,,0.06
8283,False,,,0.063
8284,False,,,0.06
8285,False,,,0.059
8286,False,,,0.064
8287,False,,,0.059
8288,False,,,0.067
8289,False,,,0.067
8290,False,,,0.067
8291,False,,,0.06
8292,False,,,0.06
8293,False,,,0.067
8294,False,,,0.06
8295,False,,,0.059
8296,False,,,0.059
8297,False,,,0.066
8298,False,,,0.059
8299,False,,,0.066
8300,False,,,0.059
8301,False,,,0.059
8302,False,,,0.066
8303,False,,,0.058
8304,False,,,0.059
8305,False,,,0.066
8306,False,,,0.059
8307,False,,,0.059
8308,False,,,0.059
8309,False,,,0.066
8310,False,,,0.058
8311,False,,,0.062
8312,False,,,0.054
8313,False,,,0.064
8314,False,,,0.064
8315,False,,,0.066
8316,False,,,0.051
8317,False,,,0.079
8318,False,,,0.051
8319,False,,,0.066
8320,False,,,0.066
8321,False,,,0.052
8322,False,,,0.079
8323,False,,,0.079
8324,False,,,0.051
8325,False,,,0.078
8326,False,,,0.051
8327,False,,,0.051
8328,False,,,0.082
8329,False,,,0.05
8330,False,,,0.05
8331,False,,,0.05
8332,False,,,0.05
8333,False,,,0.079
8334,False,,,0.079
8335,False,,,0.079
8336,False,,,0.079
8337,False,,,0.079
8338,False,,,0.047
8339,False,,,0.079
8340,False,,,0.08
8341,False,,,0.049
8342,False,,,0.079
8343,False,,,0.048
8344,False,,,0.051
8345,False,,,0.048
8346,False,,,0.048
8347,False,,,0.079
8348,False,,,0.079
8349,False,,,0.051
8350,False,,,0.051
8351,False,,,0.051
8352,False,,,0.051
8353,False,,,0.051
8354,False,,,0.051
8355,False,,,0.078
8356,False,,,0.078
8357,False,,,0.078
8358,False,,,0.05
8359,False,,,0.05
8360,False,,,0.078
8361,False,,,0.049
8362,False,,,0.05
8363,False,,,0.049
8364,False,,,0.05
8365,False,,,0.078
8366,False,,,0.078
8367,False,,,0.078
8368,False,,,0.05
8369,False,,,0.05
8370,False,,,0.078
8371,False,,,0.076
8372,False,,,0.076
8373,False,,,0.077
8374,False,,,0.063
8375,False,,,0.077
8376,False,,,0.077
8377,False,,,0.077
8378,False,,,0.078
8379,False,,,0.064
8380,False,,,0.1
8381,False,,,0.063
8382,False,,,0.101
8383,False,,,0.078
8384,False,,,0.1
8385,False,,,0.076
8386,False,,,0.1
8387,False,,,0.078
8388,False,,,0.063
8389,False,,,0.068
8390,False,,,0.063
8391,False,,,0.1
8392,False,,,0.101
8393,False,,,0.1
8394,False,,,0.076
8395,False,,,0.063
8396,False,,,0.099
8397,False,,,0.063
8398,False,,,0.099
8399,False,,,0.07
8400,False,,,0.067
8401,False,,,0.1
8402,False,,,0.063
8403,False,,,0.099
8404,False,,,0.072
8405,False,,,0.099
8406,False,,,0.1
8407,False,,,0.1
8408,False,,,0.07
8409,False,,,0.1
8410,False,,,0.101
8411,False,,,0.1
8412,False,,,0.099
8413,False,,,0.099
8414,False,,,0.067
8415,False,,,0.074
8416,False,,,0.069
8417,False,,,0.074
8418,False,,,0.069
8419,False,,,0.073
8420,False,,,0.071
8421,False,,,0.069
8422,False,,,0.074
8423,False,,,0.071
8424,False,,,0.069
8425,False,,,0.069
8426,False,,,0.073
8427,False,,,0.099
8428,False,,,0.069
8429,False,,,0.07
8430,False,,,0.071
8431,False,,,0.071
8432,False,,,0.098
8433,False,,,0.075
8434,False,,,0.07
8435,False,,,0.072
8436,False,,,0.099
8437,False,,,0.098
8438,False,,,0.099
8439,False,,,0.075
8440,False,,,0.099
8441,False,,,0.098
8442,False,,,0.098
8443,False,,,0.072
8444,False,,,0.099
8445,False,,,0.098
8446,False,,,0.099
8447,False,,,0.098
8448,False,,,0.072
8449,False,,,0.098
8450,False,,,0.098
8451,False,,,0.098
8452,False,,,0.073
8453,False,,,0.098
8454,False,,,0.098
8455,False,,,0.099
8456,False,,,0.097
8457,False,,,0.072
8458,False,,,0.072
8459,False,,,0.098
8460,False,,,0.097
8461,False,,,0.098
8462,False,,,0.097
8463,False,,,0.074
8464,False,,,0.087
8465,False,,,0.086
8466,False,,,0.06
8467,False,,,0.06
8468,False,,,0.06
8469,False,,,0.06
8470,False,,,0.081
8471,False,,,0.083
8472,False,,,0.084
8473,False,,,0.082
8474,False,,,0.082
8475,False,,,0.079
8476,False,,,0.084
8477,False,,,0.081
8478,False,,,0.082
8479,False,,,0.082
8480,False,,,0.08
8481,False,,,0.082
8482,False,,,0.082
8483,False,,,0.082
8484,False,,,0.082
8485,False,,,0.079
8486,False,,,0.083
8487,False,,,0.082
8488,False,,,0.082
8489,False,,,0.086
8490,False,,,0.088
8491,False,,,0.088
8492,False,,,0.088
8493,False,,,0.078
8494,False,,,0.078
8495,False,,,0.088
8496,False,,,0.078
8497,False,,,0.088
8498,False,,,0.088
8499,False,,,0.098
8500,False,,,0.096
8501,False,,,0.082
8502,False,,,0.098
8503,False,,,0.082
8504,False,,,0.082
8505,False,,,0.082
8506,False,,,0.098
8507,False,,,0.082
8508,False,,,0.082
8509,False,,,0.082
8510,False,,,0.082
8511,False,,,0.098
8512,False,,,0.096
8513,False,,,0.096
8514,False,,,0.096
8515,False,,,0.08
8516,False,,,0.082
8517,False,,,0.079
8518,False,,,0.098
8519,False,,,0.079
8520,False,,,0.098
8521,False,,,0.079
8522,False,,,0.079
8523,False,,,0.079
8524,False,,,0.1
8525,False,,,0.1
8526,False,,,0.101
8527,False,,,0.1
8528,False,,,0.079
8529,False,,,0.079
8530,False,,,0.079
8531,False,,,0.1
8532,False,,,0.102
8533,False,,,0.081
8534,False,,,0.102
8535,False,,,0.102
8536,False,,,0.102
8537,False,,,0.081
8538,False,,,0.081
8539,False,,,0.081
8540,False,,,0.081
8541,False,,,0.1
8542,False,,,0.075
8543,False,,,0.097
8544,False,,,0.094
8545,False,,,0.094
8546,False,,,0.073
8547,False,,,0.081
8548,False,,,0.083
8549,False,,,0.089
8550,False,,,0.06
8551,False,,,0.057
8552,False,,,0.086
8553,False,,,0.085
8554,False,,,0.063
8555,False,,,0.085
8556,False,,,0.064
8557,False,,,0.085
8558,False,,,0.085
8559,False,,,0.062
8560,False,,,0.062
8561,False,,,0.088
8562,False,,,0.064
8563,False,,,0.064
8564,False,,,0.087
8565,False,,,0.063
8566,False,,,0.064
8567,False,,,0.063
8568,False,,,0.064
8569,False,,,0.064
8570,False,,,0.092
8571,False,,,0.069
8572,False,,,0.093
8573,False,,,0.093
8574,False,,,0.069
8575,False,,,0.07
8576,False,,,0.093
8577,False,,,0.07
8578,False,,,0.066
8579,False,,,0.072
8580,False,,,0.072
8581,False,,,0.07
8582,False,,,0.09
8583,False,,,0.069
8584,False,,,0.069
8585,False,,,0.07
8586,False,,,0.096
8587,False,,,0.097
8588,False,,,0.069
8589,False,,,0.095
8590,False,,,0.067
8591,False,,,0.095
8592,False,,,0.095
8593,False,,,0.095
8594,False,,,0.095
8595,False,,,0.067
8596,False,,,0.065
8597,False,,,0.093
8598,False,,,0.093
8599,False,,,0.092
8600,False,,,0.065
8601,False,,,0.092
8602,False,,,0.092
8603,False,,,0.092
8604,False,,,0.092
8605,False,,,0.092
8606,False,,,0.066
8607,False,,,0.065
8608,False,,,0.092
8609,False,,,0.065
8610,False,,,0.092
8611,False,,,0.065
8612,False,,,0.066
8613,False,,,0.092
8614,False,,,0.092
8615,False,,,0.065
8616,False,,,0.067
8617,False,,,0.091
8618,False,,,0.091
8619,False,,,0.067
8620,False,,,0.067
8621,False,,,0.091
8622,False,,,0.067
8623,False,,,0.067
8624,False,,,0.067
8625,False,,,0.086
8626,False,,,0.069
8627,False,,,0.089
8628,False,,,0.087
8629,False,,,0.087
8630,False,,,0.072
8631,False,,,0.102
8632,False,,,0.102
8633,False,,,0.072
8634,False,,,0.089
8635,False,,,0.071
8636,False,,,0.086
8637,False,,,0.071
8638,False,,,0.088
8639,False,,,0.079
8640,False,,,0.101
8641,False,,,0.089
8642,False,,,0.088
8643,False,,,0.101
8644,False,,,0.101
8645,False,,,0.079
8646,False,,,0.102
8647,False,,,0.08
8648,False,,,0.079
8649,False,,,0.071
8650,False,,,0.101
8651,False,,,0.101
8652,False,,,0.077
8653,False,,,0.089
8654,False,,,0.1
8655,False,,,0.079
8656,False,,,0.101
8657,False,,,0.071
8658,False,,,0.076
8659,False,,,0.1
8660,False,,,0.08
8661,False,,,0.101
8662,False,,,0.105
8663,False,,,0.102
8664,False,,,0.076
8665,False,,,0.101
8666,False,,,0.102
8667,False,,,0.102
8668,False,,,0.078
8669,False,,,0.102
8670,False,,,0.079
8671,False,,,0.077
8672,False,,,0.079
8673,False,,,0.102
8674,False,,,0.102
8675,False,,,0.08
8676,False,,,0.079
8677,False,,,0.102
8678,False,,,0.079
8679,False,,,0.104
8680,False,,,0.104
8681,False,,,0.105
8682,False,,,0.081
8683,False,,,0.08
8684,False,,,0.08
8685,False,,,0.103
8686,False,,,0.103
8687,False,,,0.08
8688,False,,,0.103
8689,False,,,0.08
8690,False,,,0.079
8691,False,,,0.079
8692,False,,,0.101
8693,False,,,0.079
8694,False,,,0.08
8695,False,,,0.08
8696,False,,,0.101
8697,False,,,0.08
8698,False,,,0.08
8699,False,,,0.101
8700,False,,,0.078
8701,False,,,0.099
8702,False,,,0.11
8703,False,,,0.078
8704,False,,,0.099
8705,False,,,0.078
8706,False,,,0.11
8707,False,,,0.11
8708,False,,,0.11
8709,False,,,0.112
8710,False,,,0.075
8711,False,,,0.075
8712,False,,,0.076
8713,False,,,0.075
8714,False,,,0.075
8715,False,,,0.075
8716,False,,,0.076
8717,False,,,0.076
8718,False,,,0.11
8719,False,,,0.075
8720,False,,,0.109
8721,False,,,0.109
8722,False,,,0.11
8723,False,,,0.077
8724,False,,,0.077
8725,False,,,0.07
8726,False,,,0.07
8727,False,,,0.102
8728,False,,,0.102
8729,False,,,0.102
8730,False,,,0.1
8731,False,,,0.1
8732,False,,,0.1
8733,False,,,0.068
8734,False,,,0.1
8735,False,,,0.068
8736,False,,,0.1
8737,False,,,0.068
8738,False,,,0.081
8739,False,,,0.068
8740,False,,,0.099
8741,False,,,0.1
8742,False,,,0.08
8743,False,,,0.079
8744,False,,,0.076
8745,False,,,0.096
8746,False,,,0.072
8747,False,,,0.093
8748,False,,,0.073
8749,False,,,0.072
8750,False,,,0.072
8751,False,,,0.071
8752,False,,,0.097
8753,False,,,0.07
8754,False,,,0.071
8755,False,,,0.069
8756,False,,,0.07
8757,False,,,0.07
8758,False,,,0.096
8759,False,,,0.07
8760,False,,,0.07
8761,False,,,0.07
8762,False,,,0.095
8763,False,,,0.089
8764,False,,,0.095
8765,False,,,0.095
8766,False,,,0.087
8767,False,,,0.106
8768,False,,,0.103
8769,False,,,0.087
8770,False,,,0.106
8771,False,,,0.087
8772,False,,,0.087
8773,False,,,0.106
8774,False,,,0.083
8775,False,,,0.106
8776,False,,,0.106
8777,False,,,0.086
8778,False,,,0.086
8779,False,,,0.114
8780,False,,,0.113
8781,False,,,0.113
8782,False,,,0.085
8783,False,,,0.112
8784,False,,,0.112
8785,False,,,0.112
8786,False,,,0.085
8787,False,,,0.086
8788,False,,,0.085
8789,False,,,0.109
8790,False,,,0.084
8791,False,,,0.109
8792,False,,,0.084
8793,False,,,0.109
8794,False,,,0.084
8795,False,,,0.084
8796,False,,,0.109
8797,False,,,0.088
8798,False,,,0.087
8799,False,,,0.087
8800,False,,,0.087
8801,False,,,0.083
8802,False,,,0.093
8803,False,,,0.077
8804,False,,,0.076
8805,False,,,0.076
8806,False,,,0.077
8807,False,,,0.077
8808,False,,,0.077
8809,False,,,0.077
8810,False,,,0.078
8811,False,,,0.092
8812,False,,,0.092
8813,False,,,0.092
8814,False,,,0.077
8815,False,,,0.076
8816,False,,,0.077
8817,False,,,0.092
8818,False,,,0.076
8819,False,,,0.092
8820,False,,,0.092
8821,False,,,0.092
8822,False,,,0.092
8823,False,,,0.098
8824,False,,,0.098
8825,False,,,0.096
8826,False,,,0.096
8827,False,,,0.096
8828,False,,,0.073
8829,False,,,0.073
8830,False,,,0.096
8831,False,,,0.067
8832,False,,,0.093
8833,False,,,0.067
8834,False,,,0.066
8835,False,,,0.066
8836,False,,,0.091
8837,False,,,0.091
8838,False,,,0.091
8839,False,,,0.065
8840,False,,,0.065
8841,False,,,0.064
8842,False,,,0.09
8843,False,,,0.09
8844,False,,,0.064
8845,False,,,0.091
8846,False,,,0.096
8847,False,,,0.094
8848,False,,,0.061
8849,False,,,0.062
8850,False,,,0.094
8851,False,,,0.094
8852,False,,,0.061
8853,False,,,0.094
8854,False,,,0.094
8855,False,,,0.093
8856,False,,,0.06
8857,False,,,0.093
8858,False,,,0.095
8859,False,,,0.06
8860,False,,,0.095
8861,False,,,0.095
8862,False,,,0.06
8863,False,,,0.095
8864,False,,,0.095
8865,False,,,0.067
8866,False,,,0.096
8867,False,,,0.067
8868,False,,,0.059
8869,False,,,0.096
8870,False,,,0.059
8871,False,,,0.096
8872,False,,,0.096
8873,False,,,0.097
8874,False,,,0.096
8875,False,,,0.065
8876,False,,,0.065
8877,False,,,0.065
8878,False,,,0.065
8879,False,,,0.065
8880,False,,,0.065
8881,False,,,0.094
8882,False,,,0.065
8883,False,,,0.094
8884,False,,,0.064
8885,False,,,0.094
8886,False,,,0.094
8887,False,,,0.083
8888,False,,,0.083
8889,False,,,0.072
8890,False,,,0.1
8891,False,,,0.072
8892,False,,,0.102
8893,False,,,0.101
8894,False,,,0.099
8895,False,,,0.099
8896,False,,,0.071
8897,False,,,0.071
8898,False,,,0.1
8899,False,,,0.099
8900,False,,,0.1
8901,False,,,0.071
8902,False,,,0.099
8903,False,,,0.074
8904,False,,,0.099
8905,False,,,0.071
8906,False,,,0.071
8907,False,,,0.1
8908,False,,,0.074
8909,False,,,0.099
8910,False,,,0.1
8911,False,,,0.101
8912,False,,,0.1
8913,False,,,0.073
8914,False,,,0.1
8915,False,,,0.1
8916,False,,,0.073
8917,False,,,0.099
8918,False,,,0.1
8919,False,,,0.073
8920,False,,,0.1
8921,False,,,0.073
8922,False,,,0.1
8923,False,,,0.072
8924,False,,,0.072
8925,False,,,0.099
8926,False,,,0.069
8927,False,,,0.069
8928,False,,,0.097
8929,False,,,0.069
8930,False,,,0.069
8931,False,,,0.096
8932,False,,,0.096
8933,False,,,0.069
8934,False,,,0.071
8935,False,,,0.071
8936,False,,,0.071
8937,False,,,0.096
8938,False,,,0.084
8939,False,,,0.065
8940,False,,,0.065
8941,False,,,0.085
8942,False,,,0.083
8943,False,,,0.083
8944,False,,,0.082
8945,False,,,0.082
8946,False,,,0.065
8947,False,,,0.062
8948,False,,,0.082
8949,False,,,0.082
8950,False,,,0.082
8951,False,,,0.081
8952,False,,,0.065
8953,False,,,0.081
8954,False,,,0.081
8955,False,,,0.065
8956,False,,,0.081
8957,False,,,0.081
8958,False,,,0.08
8959,False,,,0.079
8960,False,,,0.08
8961,False,,,0.06
8962,False,,,0.074
8963,False,,,0.074
8964,False,,,0.074
8965,False,,,0.076
8966,False,,,0.077
8967,False,,,0.077
8968,False,,,0.076
8969,False,,,0.075
8970,False,,,0.072
8971,False,,,0.072
8972,False,,,0.073
8973,False,,,0.075
8974,False,,,0.074
8975,False,,,0.073
8976,False,,,0.074
8977,False,,,0.074
8978,False,,,0.074
8979,False,,,0.073
8980,False,,,0.06
8981,False,,,0.059
8982,False,,,0.06
8983,False,,,0.06
8984,False,,,0.06
8985,False,,,0.06
8986,False,,,0.06
8987,False,,,0.06
8988,False,,,0.058
8989,False,,,0.059
8990,False,,,0.058
8991,False,,,0.057
8992,False,,,0.058
8993,False,,,0.059
8994,False,,,0.058
8995,False,,,0.058
8996,False,,,0.057
8997,False,,,0.058
8998,False,,,0.058
8999,False,,,0.057
9000,False,,,0.058
